Series,Country,2001,2002,2003,2004,2005,2006,2007,2008,2009,2010,2011,2012,2013,2014,2015,2016,2017,2018,2019,2020,2021
GDP,Afghanistan,,1189.784668,1235.810063,1200.278013,1286.793659,1315.789117,1460.825751,1484.114461,1758.904477,1957.02907,1904.559926,2075.491614,2116.465258,2102.384604,2068.265904,2057.067978,2058.400221,2033.804389,2065.036235,1970.560169,
Mortality,Afghanistan,1390,1300,1240,1180,1140,1120,1090,1030,993,954,905,858,810,786,701,673,638,,,,
GDP,Albania,6441.449833,6753.890769,7154.005545,7580.138864,8040.092779,8568.561885,9150.129797,9912.162528,10313.91634,10749.48167,11052.79361,11227.96633,11361.2686,11586.83388,11878.45445,12291.85949,12770.96429,13317.09231,13653.20157,13253.73334,14520.11103
Mortality,Albania,23,21,21,18,22,18,19,20,20,21,22,17,16,16,15,16,15,,,,
GDP,Algeria,8855.008927,9232.415784,9771.672432,10058.42623,10504.84511,10527.40869,10717.77084,10796.88884,10782.34738,10970.69242,11078.22824,11233.51704,11319.08267,11512.69047,11696.95036,11826.15138,11737.40124,11630.67941,11521.98421,10735.38254,10957.15992
Mortality,Algeria,155,148,145,134,127,122,119,117,117,115,116,116,115,114,114,113,112,,,,
GDP,American Samoa,,,,,,,,,,,,,,,,,,,,,
Mortality,American Samoa,,,,,,,,,,,,,,,,,,,,,
GDP,Andorra,,,,,,,,,,,,,,,,,,,,,
Mortality,Andorra,,,,,,,,,,,,,,,,,,,,,
GDP,Angola,4746.660523,5218.657049,5196.128687,5569.434111,6183.84461,6652.861593,7310.831701,7831.40451,7611.548869,7693.745221,7676.607496,8037.746474,8141.241123,8240.347981,8036.631076,7569.209398,7310.896551,6982.12942,6712.021615,6141.963839,5990.416805
Mortality,Angola,766,690,628,574,519,473,431,395,359,326,300,281,269,258,251,246,241,,,,
GDP,Antigua and Barbuda,17207.91397,17143.5878,17953.05328,18743.57306,19683.84165,21849.22176,23511.06666,23131.93087,20048.02213,18206.01653,17605.43897,17966.3387,17643.13027,18104.68379,18594.54556,19419.63265,19840.28404,21017.2645,21850.13341,17293.30231,18057.29129
Mortality,Antigua and Barbuda,44,43,44,41,40,46,48,50,45,44,43,44,43,42,43,43,42,,,,
GDP,Argentina,17610.75539,15523.03878,16714.67013,18032.61143,19426.44014,20777.65271,22424.11773,23103.45652,21519.89362,23521.27018,24647.62927,24118.86752,24424.13645,23550.09906,23933.88661,23189.52745,23597.11775,22747.24166,22066.10101,19690.66146,21506.91933
Mortality,Argentina,67,65,65,61,59,57,56,53,56,51,48,47,44,42,41,40,39,,,,
GDP,Armenia,4464.385831,5081.518558,5823.716093,6472.141999,7419.87119,8464.485726,9708.415397,10467.52981,9052.383549,9286.197327,9725.27823,10397.65466,10691.27675,11019.83878,11321.33254,11303.06785,12115.13929,12715.10895,13653.76338,12619.89215,13317.23161
Mortality,Armenia,42,39,38,36,35,36,32,36,32,32,30,30,26,27,28,26,26,,,,
GDP,Aruba,37220.04095,36048.61091,35692.177,37620.85005,36994.9796,37118.70886,38118.46564,38765.25913,34205.71544,33201.3048,34189.64469,33665.75776,35622.01737,35405.03413,36461.84656,37046.87741,38893.96056,39206.35615,38221.11731,29563.75695,
Mortality,Aruba,,,,,,,,,,,,,,,,,,,,,
GDP,Australia,38474.15333,39533.22346,40262.91406,41472.53879,42222.27272,42738.46579,44072.88403,44743.65989,44649.16077,44914.98121,45389.17017,46350.91995,46744.63254,47232.87539,47569.2946,48116.03108,48398.5497,49029.10571,49309.1124,48678.68244,49308.51379
Mortality,Australia,6,6,6,5,5,5,5,5,5,5,6,6,6,6,6,6,6,,,,
GDP,Austria,46878.91624,47419.27841,47633.114,48633.27182,49387.02786,50840.69446,52565.07397,53166.0542,51030.72468,51843.42833,53179.14746,53297.44479,52997.75382,52932.90011,52873.85865,53345.74153,54172.98679,55258.37103,55833.5599,51857.69232,53944.52558
Mortality,Austria,6,6,6,5,6,5,5,5,5,5,5,5,5,5,5,5,5,,,,
GDP,Azerbaijan,4360.459441,4736.564376,5180.686458,5610.763137,7106.597907,9453.94186,11684.19154,12672.37622,13565.85509,14082.23815,13913.83669,14027.46879,14651.69397,14867.94373,14852.61171,14232.19262,14121.40694,14209.59317,14442.04087,13726.76966,14421.04628
Mortality,Azerbaijan,44,43,44,39,42,35,34,32,32,31,30,29,28,28,27,26,26,,,,
GDP,"Bahamas, The",40926.193,41344.6671,40109.25037,39731.17403,40327.08375,40569.74767,40381.45928,38720.96313,36475.74442,36480.08092,36229.50906,36937.18655,35529.62617,35847.85605,35859.29375,35201.5136,35911.65435,36200.69588,36522.40299,27555.65735,31046.79109
Mortality,"Bahamas, The",76,78,79,78,77,78,77,77,78,78,78,78,78,77,74,72,70,,,,
GDP,Bahrain,48245.77548,47311.74551,47476.98335,47661.39407,47493.1484,46910.19114,47000.31533,46408.83208,44759.39472,44599.80497,44157.47964,45035.97855,46930.83073,48201.15717,48110.73419,47937.70906,47709.77802,46377.65048,45311.8683,41545.8415,41335.63311
Mortality,Bahrain,19,25,21,21,19,24,16,18,19,18,15,18,17,15,15,15,14,,,,
GDP,Bangladesh,2365.785074,2412.163803,2483.126046,2571.360421,2699.050081,2840.60287,3004.034321,3148.413504,3270.524743,3414.13227,3593.495319,3783.923991,3965.370566,4157.919304,4381.069268,4641.597363,4894.563365,5197.765051,5550.032778,5684.113533,6019.518752
Mortality,Bangladesh,423,410,395,372,343,315,297,280,269,258,248,238,227,214,200,186,173,,,,
GDP,Barbados,14715.12639,14780.60276,15052.16577,15211.85285,15754.20464,16647.62794,16918.75297,16951.32549,16034.25365,15598.19695,15444.05766,15338.69633,15084.99195,15043.72991,15388.58208,15752.37551,15800.42431,15615.70916,15499.80821,13316.48739,13487.10189
Mortality,Barbados,48,47,45,43,42,41,40,39,38,36,35,34,32,31,31,30,27,,,,
GDP,Belarus,8477.084011,8961.64112,9660.193688,10839.95627,11940.1866,13214.87158,14417.35353,15942.89768,16014.11553,17300.70368,18274.02072,18611.45421,18805.43087,19119.34615,18362.74559,17883.1265,18356.10077,18974.69981,19279.20925,19186.77581,19751.20391
Mortality,Belarus,19,18,15,13,11,9,7,6,6,5,5,4,3,3,3,3,2,,,,
GDP,Belgium,43347.88921,43890.59811,44160.91143,45540.46691,46342.18661,47212.57777,48590.40054,48423.51548,47064.79002,47972.55884,48154.87115,48210.92466,48204.5857,48748.62059,49456.39858,49829.92739,50442.27054,51139.06761,51937.42361,48752.50159,51601.88777
Mortality,Belgium,8,7,7,7,7,7,7,7,6,6,6,6,6,6,5,5,5,,,,
GDP,Belize,6606.331448,6750.967134,7188.334201,7329.779933,7298.679881,7433.815341,7327.055712,7337.740343,7176.52688,7235.659014,7178.685858,7184.083738,7083.358052,7239.278269,7292.826855,7132.065769,7140.905119,7148.128276,7152.657414,5845.706062,6300.274443
Mortality,Belize,88,82,80,75,70,65,61,59,57,54,52,50,48,46,43,39,36,,,,
GDP,Benin,2532.634052,2570.787304,2579.697807,2614.212455,2581.642252,2606.817449,2685.130261,2738.194385,2724.084767,2704.705484,2707.8697,2759.848256,2876.903909,2975.854782,2945.970221,2961.440416,3044.517156,3160.78067,3287.309538,3323.144451,3449.199483
Mortality,Benin,516,511,510,505,500,493,486,480,471,464,458,450,441,432,421,408,397,,,,
GDP,Bermuda,88231.78386,86364.15374,88727.31127,90195.81156,91114.07699,95615.3607,98257.9927,95855.80069,89961.98274,88399.91595,85829.37826,80982.36776,80503.65029,77361.10488,77842.7539,78149.35254,81834.95587,81423.40845,81681.72667,76105.13806,77546.61033
Mortality,Bermuda,,,,,,,,,,,,,,,,,,,,,
GDP,Bhutan,4308.525604,4686.010847,4957.529129,5165.173469,5456.70775,5761.750141,6743.046532,6995.779305,7393.917855,8190.576223,8744.957643,9084.004455,9163.563551,9574.029004,10086.0728,10775.19031,11142.47467,11348.44195,11864.76625,10551.45185,
Mortality,Bhutan,384,365,348,332,310,291,275,264,255,247,239,231,223,214,203,193,183,,,,
GDP,Bolivia,5402.75946,5434.08387,5479.266888,5605.201927,5749.531605,5920.709711,6085.386474,6351.226274,6455.968329,6612.803357,6844.983783,7081.386128,7444.490809,7730.638402,7984.411983,8202.544232,8423.69756,8655.531498,8724.474187,7853.053972,8219.942366
Mortality,Bolivia,320,309,297,283,271,258,246,234,222,212,202,192,184,175,168,161,155,,,,
GDP,Bosnia and Herzegovina,7779.798384,8162.501207,8471.869129,9002.915494,9350.948134,9856.973196,10441.6044,11035.04341,10755.97583,10938.28984,11176.88171,11257.83999,11725.25599,12066.59234,12630.66768,13194.33103,13753.83794,14386.73827,14896.79651,14520.90604,15634.92656
Mortality,Bosnia and Herzegovina,16,14,14,14,13,13,13,11,11,11,10,10,10,10,10,10,10,,,,
GDP,Botswana,10457.14818,10896.88274,11205.39998,11305.57343,11600.3295,12318.36204,13056.67253,13581.16899,12298.83215,13126.2147,13724.67135,14166.54426,15597.61742,16042.05249,14895.90498,15654.68183,15948.03202,16222.40745,16404.44491,14667.80372,16023.85462
Mortality,Botswana,271,278,278,264,239,221,209,203,189,179,176,170,164,160,156,151,144,,,,
GDP,Brazil,11602.49953,11800.84089,11786.33368,12316.37419,12565.9414,12922.15549,13564.9942,14114.97477,13962.25888,14873.20832,15323.33139,15478.79284,15805.22291,15749.51216,15064.17607,14451.15284,14524.61354,14668.25616,14736.15606,14063.97183,14615.04558
Mortality,Brazil,68,69,70,71,71,72,71,70,69,65,61,60,61,62,63,62,60,,,,
GDP,British Virgin Islands,,,,,,,,,,,,,,,,,,,,,
Mortality,British Virgin Islands,,,,,,,,,,,,,,,,,,,,,
GDP,Brunei Darussalam,69483.90486,70771.59882,71483.1809,70616.62004,69787.8222,71843.52336,71051.71079,68856.16169,66851.11704,67753.42177,69388.8132,69090.34149,66715.69265,64190.82415,63147.48349,60867.29187,60994.53156,60389.18465,62098.01138,62200.88204,60640.97344
Mortality,Brunei Darussalam,28,29,30,30,29,28,27,27,27,28,28,29,28,29,30,31,31,,,,
GDP,Bulgaria,11124.50607,12036.18332,12767.2686,13701.50142,14779.19305,15904.90196,17078.3683,18250.54052,17767.51424,18160.60824,18661.47996,18911.58431,18911.12601,19202.80893,19988.22449,20740.79485,21469.94544,22206.09078,23265.87692,22379.09431,23431.96761
Mortality,Bulgaria,18,17,16,16,15,14,13,13,12,12,12,11,10,11,10,10,10,,,,
GDP,Burkina Faso,1343.543543,1362.280175,1426.616712,1447.503656,1527.022159,1574.730122,1590.83027,1632.948589,1631.193828,1716.358323,1775.779179,1834.543308,1883.79654,1907.949213,1925.332075,1981.429814,2044.386987,2117.813901,2175.50468,2155.76936,2240.992193
Mortality,Burkina Faso,501,486,471,454,437,422,410,401,393,385,377,369,362,353,343,331,320,,,,
GDP,Burundi,826.0289602,839.7779197,804.8842323,817.4611773,798.7048453,815.0536475,815.9082129,827.7923336,831.5648435,846.1691119,852.5025761,862.7156512,877.2728572,886.2352958,825.2055739,794.6043404,773.5728587,761.5241428,751.4434047,731.0640736,722.0462735
Mortality,Burundi,956,925,890,844,814,785,756,733,698,665,635,608,591,576,568,558,548,,,,
GDP,Cabo Verde,4084.44402,4228.513083,4336.865171,4709.03724,4964.79746,5291.047556,6018.107241,6341.204482,6185.760917,6200.343537,6366.128511,6353.707704,6323.376462,6281.793971,6266.881779,6482.72155,6643.179892,6864.185298,7171.826425,6045.060885,6397.30453
Mortality,Cabo Verde,109,101,96,91,86,82,78,75,72,70,67,65,63,62,61,59,58,,,,
GDP,Cambodia,1570.073871,1642.608037,1752.041276,1902.096703,2120.551717,2313.343033,2511.901023,2640.631628,2603.583593,2716.699738,2862.908046,3022.596725,3191.861745,3364.278069,3541.376672,3728.099616,3928.373934,4159.338194,4388.800909,4193.798722,4262.721656
Mortality,Cambodia,456,430,404,378,351,326,303,284,265,248,232,215,202,189,178,168,160,,,,
GDP,Cameroon,2903.922104,2954.419148,3033.329948,3160.892495,3144.939264,3176.917282,3224.755174,3226.595479,3219.964047,3223.510024,3242.354443,3300.945519,3372.903835,3470.785658,3570.424551,3634.381137,3665.117851,3711.850439,3742.856779,3666.410626,3699.695384
Mortality,Cameroon,844,803,771,732,692,658,635,618,606,597,589,580,567,564,554,538,529,,,,
GDP,Canada,37309.6498,38169.10636,39268.21243,40426.23133,42046.86958,43358.18239,45888.47633,45851.63025,44003.61704,44861.52396,45822.59643,46126.51389,46704.76224,47564.60911,47522.14067,47457.58535,48317.17458,48962.48151,49171.51109,46064.25396,47903.02891
Mortality,Canada,10,10,10,10,11,11,11,12,12,11,11,11,11,11,11,10,10,,,,
GDP,Cayman Islands,,,,,,80513.47786,80595.66723,77987.96745,70428.43111,66882.50594,66255.63047,65835.08654,65598.17964,66326.88677,67241.28281,68484.50508,69753.08956,71834.28898,73724.96695,68717.65041,
Mortality,Cayman Islands,,,,,,,,,,,,,,,,,,,,,
GDP,Central African Republic,1062.722306,1077.954127,998.9999451,1037.84467,1026.913908,1055.087334,1082.686648,1085.440256,1161.190011,1201.352197,1242.714801,1300.28881,824.9432757,822.6111949,852.7492366,884.4951965,912.8030453,933.1099506,946.0596566,937.8564701,928.9439272
Mortality,Central African Republic,1290,1280,1250,1230,1200,1170,1130,1090,1050,1000,981,963,1030,961,912,890,829,,,,
GDP,Chad,964.7374808,1007.06275,1111.604592,1430.368325,1618.136616,1572.482178,1569.748832,1564.79169,1577.669488,1732.691584,1676.769458,1765.194984,1804.322522,1866.266079,1857.107864,1687.053569,1587.032328,1576.321115,1579.626101,1509.027172,1447.806492
Mortality,Chad,1410,1400,1370,1350,1330,1340,1300,1310,1270,1240,1210,1190,1170,1170,1160,1140,1140,,,,
GDP,Channel Islands,,,,,,,,,,,,,,,,,,,,,
Mortality,Channel Islands,,,,,,,,,,,,,,,,,,,,,
GDP,Chile,15733.57336,16063.25236,16646.58663,17574.3097,18407.33159,19315.91769,20098.29597,20637.60274,20191.84037,21152.49516,22245.98714,23388.9607,23927.43332,24099.27029,24329.64424,24430.24633,24411.54477,25034.88776,24931.12188,23239.37006,25821.11385
Mortality,Chile,32,28,27,27,25,25,23,21,21,20,18,17,16,15,14,13,13,,,,
GDP,China,3712.338132,4024.355697,4400.825183,4817.211845,5334.646639,5979.781712,6795.174012,7412.874363,8069.354638,8884.588031,9680.0977,10370.72657,11101.93893,11851.40422,12612.35165,13399.13732,14243.53261,15133.99562,15977.76383,16296.7789,17602.69606
Mortality,China,55,51,48,46,44,42,40,40,37,36,34,33,32,31,30,29,29,,,,
GDP,Colombia,9051.414235,9137.464303,9356.209684,9716.499107,10049.12618,10586.79488,11161.51332,11393.20223,11395.56214,11783.29991,12480.54655,12852.6257,13390.4852,13852.24205,14095.74836,14194.51566,14171.3205,14314.85558,14571.99095,13400.27194,14705.10766
Mortality,Colombia,93,92,88,85,83,82,83,84,87,85,84,85,85,85,85,84,83,,,,
GDP,Comoros,2829.081455,2825.798971,2817.310756,2804.001874,2815.700113,2821.936465,2777.140257,2818.698026,2840.78295,2877.807057,2925.441826,2946.054224,3004.392786,2995.459793,2959.503052,2987.968526,3032.262133,3073.114603,3058.980105,2984.413403,2989.638089
Mortality,Comoros,437,429,423,414,404,393,382,370,356,341,326,313,302,293,285,279,273,,,,
GDP,"Congo, Dem. Rep.",715.6779282,715.4543989,732.5366287,757.6860992,778.9680436,794.429458,817.0695985,839.8155864,835.6117229,865.6840402,894.8265445,926.7878162,972.4559343,1029.790813,1065.242371,1055.572915,1059.810762,1085.893688,1097.94884,1082.445242,1109.388004
Mortality,"Congo, Dem. Rep.",740,734,699,661,627,598,578,565,555,542,532,524,514,500,490,481,473,,,,
GDP,"Congo, Rep.",4438.692049,4512.432167,4420.225128,4438.977585,4634.971827,4841.595123,4368.588334,4487.377392,4847.756782,5169.167421,5137.611683,5504.184956,5331.904082,5552.844606,5224.302467,4544.075841,4234.659883,3928.427999,3825.70148,3497.565454,3292.263727
Mortality,"Congo, Rep.",752,769,757,724,677,623,580,552,526,506,488,468,449,433,416,397,378,,,,
GDP,Costa Rica,12832.57368,13054.71918,13411.8483,13802.72868,14149.51924,14976.81578,15989.33133,16527.43608,16174.27686,16830.43617,17360.20158,17994.53622,18233.01597,18669.09668,19141.68307,19736.6653,20347.03477,20672.61583,20970.54415,19937.16874,21260.76233
Mortality,Costa Rica,37,38,37,36,33,35,29,29,29,32,30,29,29,29,28,28,27,,,,
GDP,Cote d'Ivoire,3953.124783,3760.719464,3508.059043,3545.085796,3505.486763,3527.240271,3488.646684,3574.51755,3619.579175,3778.208471,3491.02126,3666.637502,3961.828568,4225.955764,4417.150215,4615.709257,4830.750515,5033.478826,5212.554021,5181.31116,5406.69134
Mortality,Cote d'Ivoire,706,713,711,709,704,699,698,694,700,701,703,702,691,676,658,636,617,,,,
GDP,Croatia,19661.05965,20773.84664,21915.5581,22818.54019,23771.94519,24940.02123,26170.99589,26670.22044,24754.16015,24500.06814,24563.84735,24078.33073,24057.80809,24072.4388,24884.66523,25944.25834,27154.08469,28192.32854,29336.08545,27076.9791,31046.62757
Mortality,Croatia,10,10,10,10,10,9,9,9,9,9,9,8,9,8,8,7,8,,,,
GDP,Cuba,,,,,,,,,,,,,,,,,,,,,
Mortality,Cuba,44,41,41,40,41,38,38,40,40,41,38,39,40,39,38,37,36,,,,
GDP,Curacao,29474.59083,29555.43764,29035.65103,28598.56593,28067.07901,27802.9784,27932.58836,28186.87095,27855.14031,27527.48885,27305.37368,27061.85337,26539.60991,25869.7819,25604.92943,25113.69511,24599.93783,24193.61274,23659.23434,19607.43191,
Mortality,Curacao,,,,,,,,,,,,,,,,,,,,,
GDP,Cyprus,33878.07422,34738.94141,35219.59375,36498.35156,37722.42188,38847.03906,39967.42969,40397.70313,38535.10547,38296.69922,37481.8125,35642.64063,33384.46484,33136.48047,34453.11719,36509.07031,38287.96875,39977,41521.92188,39007.71484,40791.42578
Mortality,Cyprus,9,10,9,9,12,9,8,9,8,8,8,7,6,8,7,6,6,,,,
GDP,Czech Republic,25833.41467,26289.62614,27239.55944,28542.25482,30384.44665,32352.81297,33956.24598,34580.44335,32782.61235,33483.13759,34002.18978,33688.09983,33661.46842,34386.70491,36168.41856,37014.95929,38824.88792,39932.99219,40981.05651,38511.26898,39777.78924
Mortality,Czech Republic,7,6,6,5,5,5,5,5,4,4,4,4,4,4,4,4,3,,,,
GDP,Denmark,49133.2231,49204.89901,49262.64497,50446.5416,51483.27379,53322.289,53569.02802,52982.53174,50114.05005,50825.41229,51293.20618,51216.30941,51479.26645,52048.33549,52892.64603,54185.00848,55356.68078,56178.77463,57161.68639,55819.90953,58187.04122
Mortality,Denmark,8,8,7,7,6,6,6,6,6,5,5,5,4,4,4,4,4,,,,
GDP,Djibouti,,,,,,,,,,,,,4031.223346,4241.881178,4484.823006,4726.118718,4904.976636,5059.719694,5260.015344,5245.413878,5393.976153
Mortality,Djibouti,490,470,449,426,393,361,335,320,299,283,272,262,256,256,247,246,248,,,,
GDP,Dominica,9572.135815,9278.92815,9831.548793,10090.4561,10128.86242,10580.1257,11239.72213,12034.66963,11890.72355,11965.80672,11933.16432,11799.80326,11671.12047,12213.55837,11865.92406,12171.28376,11341.33259,11716.45887,12329.82527,10256.33082,10899.25567
Mortality,Dominica,,,,,,,,,,,,,,,,,,,,,
GDP,Dominican Republic,9410.032484,9690.598875,9424.795253,9533.318944,10291.30322,11087.48196,11756.46662,11980.83946,11944.34813,12782.45717,13024.32852,13219.69413,13702.32121,14499.63041,15328.35951,16166.61153,16735.36442,17711.79553,18412.89999,17003.01302,18905.22039
Mortality,Dominican Republic,75,75,76,81,83,86,90,92,95,96,95,94,94,94,94,94,95,,,,
GDP,Ecuador,8350.885328,8541.672307,8625.792511,9178.418076,9503.69469,9757.375103,9805.651213,10257.39963,10148.86595,10340.9703,10984.28377,11431.37562,11818.58683,12078.47439,11896.37516,11551.61597,11617.91222,11561.74785,11370.6033,10325.00171,10614.64238
Mortality,Ecuador,117,110,100,94,94,90,85,82,80,78,76,71,67,65,63,61,59,,,,
GDP,"Egypt, Arab Rep.",7867.50744,7905.41252,8007.645029,8184.065808,8397.032444,8814.14605,9274.977054,9763.504449,10031.03296,10340.07323,10302.44285,10301.10781,10290.19162,10353.6668,10570.44523,10795.80874,11014.48648,11366.33552,11763.25328,11951.44753,12121.15916
Mortality,"Egypt, Arab Rep.",63,60,57,54,52,50,47,45,45,45,42,42,40,39,39,38,37,,,,
GDP,El Salvador,6591.269184,6655.487668,6723.657161,6749.982948,6900.4893,7168.003471,7269.7202,7392.896615,7208.123566,7328.79835,7575.844895,7754.985417,7892.466213,7990.441678,8143.326328,8309.900788,8454.052167,8615.689692,8776.119516,7982.626119,8800.993225
Mortality,El Salvador,75,68,66,64,62,60,58,57,57,54,53,52,50,49,48,47,46,,,,
GDP,Equatorial Guinea,17523.54516,20084.34301,21944.50566,29004.18672,32390.20744,33330.89057,36685.34335,41249.48658,39914.17531,34732.21915,35377.73649,36671.35744,33678.73784,32436.5535,28313.43316,24827.03212,22550.95816,20386.01387,18600.39178,17214.73818,16500.33569
Mortality,Equatorial Guinea,421,392,370,357,344,331,322,314,310,308,308,305,300,295,296,301,301,,,,
GDP,Eritrea,,,,,,,,,,,,,,,,,,,,,
Mortality,Eritrea,1180,1130,1060,938,804,705,635,605,583,567,558,549,540,530,518,498,480,,,,
GDP,Estonia,18952.10701,20364.00874,22049.68279,23691.15299,26096.98834,28814.92032,31140.57984,29621.76453,25337.17524,26015.74635,27990.13641,28997.32288,29525.11886,30494.0963,31038.80463,32008.93436,33821.93291,35097.7041,36401.10885,35257.16203,38207.40861
Mortality,Estonia,27,25,20,18,18,16,17,14,14,11,13,12,10,11,10,11,9,,,,
GDP,Eswatini,5592.506087,5806.266986,6009.495481,6206.091854,6551.010212,6906.564504,7167.543196,7176.213534,7236.734764,7459.228043,7575.715655,7930.869172,8179.815504,8193.672853,8307.782174,8321.024136,8408.035915,8521.530159,8652.922717,8404.727199,8934.877868
Mortality,Eswatini,528,534,538,539,532,518,496,474,460,450,441,435,432,434,435,436,437,,,,
GDP,Ethiopia,765.8093799,755.4346892,718.3330239,793.0937535,862.3553419,929.6944434,1008.135323,1086.699475,1150.206044,1259.022581,1360.938522,1437.376607,1545.177956,1656.634489,1779.084111,1894.897364,2021.562908,2103.515858,2221.404665,2296.89044,2366.419051
Mortality,Ethiopia,988,985,972,929,865,795,731,681,638,597,558,527,498,472,446,422,401,,,,
GDP,Faroe Islands,,,,,,,,,,,,,,,,,,,,,
Mortality,Faroe Islands,,,,,,,,,,,,,,,,,,,,,
GDP,Fiji,9732.432269,10027.43529,10117.52079,10630.48437,10656.14241,10771.43641,10573.59623,10566.90541,10319.36909,10547.90979,10787.63949,10919.47584,11429.33289,12058.00619,12569.06463,12820.75704,13429.30062,13846.12069,13684.29169,11526.96229,10977.45293
Mortality,Fiji,49,48,48,47,46,44,43,42,40,39,38,38,37,36,35,34,34,,,,
GDP,Finland,40842.34177,41439.01923,42168.69347,43724.96612,44786.90966,46412.20035,48664.26571,48817.98949,44662.10014,45874.6613,46825.82484,45952.24638,45328.57532,44976.77645,45072.59021,46206.78781,47570.13358,48049.58378,48582.58759,47397.41835,48936.7094
Mortality,Finland,5,5,5,5,5,4,4,4,4,4,4,4,4,3,3,3,3,,,,
GDP,France,40226.62707,40388.62565,40433.49004,41272.63238,41643.98889,42367.56986,43127.21286,42996.20978,41546.49058,42147.67168,42864.01897,42790.63288,42816.27148,43021.39464,43345.78643,43705.14756,44577.06457,45284.00279,46017.76596,42320.52414,45187.44629
Mortality,France,10,10,9,9,9,9,9,9,9,9,9,9,9,8,8,8,8,,,,
GDP,French Polynesia,,,,,,,,,,,,,,,,,,,,,
Mortality,French Polynesia,,,,,,,,,,,,,,,,,,,,,
GDP,Gabon,16522.19736,16093.40514,16060.68758,15767.17937,15761.14848,14894.69357,15334.72354,14378.49298,13934.85657,14415.44591,14883.49426,15082.65656,15342.18131,15437.26503,15510.03895,15359.7404,15006.84404,14743.69824,14945.85929,14320.84465,14197.6988
Mortality,Gabon,370,361,356,354,348,340,336,332,324,314,304,292,277,267,261,256,252,,,,
GDP,"Gambia, The",2327.354359,2180.852504,2257.277835,2341.173183,2216.186062,2137.818529,2137.857133,2205.114392,2283.18618,2346.720479,2091.828766,2135.744238,2131.436027,2038.802518,2058.658146,2036.877159,2072.646833,2158.077558,2226.343905,2158.442317,2215.464634
Mortality,"Gambia, The",905,876,843,802,756,716,690,675,668,661,656,650,644,637,625,611,597,,,,
GDP,Georgia,5236.222806,5572.622006,6230.821909,6632.814265,7315.19848,8049.906055,9109.897741,9358.61459,9097.421248,9736.732094,10541.4719,11295.75409,11740.08912,12254.64565,12605.14007,12963.74396,13589.70739,14253.40899,14989.25816,13966.32634,15471.71501
Mortality,Georgia,33,42,37,38,39,33,36,39,43,32,32,30,30,29,27,26,25,,,,
GDP,Germany,43576.63653,43417.308,43089.47382,43605.27867,43949.28818,45678.08192,47100.6097,47643.22274,45044.48639,46999.23997,49757.92416,49872.44749,49954.17375,50845.527,51159.29746,51879.67259,53071.45557,53486.84057,53929.63929,51423.23504,52930.80887
Mortality,Germany,7,7,6,6,6,6,6,6,6,6,6,5,5,5,5,5,7,,,,
GDP,Ghana,2849.006037,2905.238557,2982.086868,3071.805651,3172.170499,3290.063047,3345.636091,3558.789002,3637.476218,3828.419371,4261.620748,4548.579354,4769.072559,4794.147084,4785.994683,4837.537957,5115.90675,5315.253905,5540.045627,5451.121442,5623.80586
Mortality,Ghana,445,415,398,384,371,359,349,342,339,339,339,336,331,325,320,314,308,,,,
GDP,Gibraltar,,,,,,,,,,,,,,,,,,,,,
Mortality,Gibraltar,,,,,,,,,,,,,,,,,,,,,
GDP,Greece,30180.35658,31249.53286,32981.49458,34565.06116,34670.33526,36520.20631,37619.82391,37394.33452,35692.10064,33693.21148,30318.40467,28322.57306,27810.91123,28129.96132,28260.38667,28239.91921,28604.86094,29141.17438,29698.03048,27072.61865,29428.39302
Mortality,Greece,3,3,3,3,3,3,3,3,3,3,3,3,3,3,3,3,3,,,,
GDP,Greenland,,,,,,,,,,,,,,,,,,,,,
Mortality,Greenland,,,,,,,,,,,,,,,,,,,,,
GDP,Grenada,11333.73614,11678.74401,12738.90571,12614.82416,14246.99272,13641.28297,14442.88028,14541.85144,13537.79492,13412.79337,13444.64814,13206.97424,13427.55196,14317.32573,15142.06257,15614.29779,16217.49985,16837.49606,16867.57213,14480.5067,15183.40689
Mortality,Grenada,36,34,34,38,33,31,31,30,30,29,28,28,27,26,25,25,25,,,,
GDP,Guam,,,,,,,,,,,,,,,,,,,,,
Mortality,Guam,,,,,,,,,,,,,,,,,,,,,
GDP,Guatemala,6493.60647,6589.737074,6612.669877,6676.704533,6753.682536,6972.381592,7269.20626,7365.280436,7262.500109,7335.988974,7503.674656,7590.755467,7734.117707,7939.374378,8125.655534,8206.047987,8322.21681,8462.172107,8653.308195,8393.284472,8892.483692
Mortality,Guatemala,147,145,137,137,142,137,132,125,131,129,122,118,113,107,103,98,95,,,,
GDP,Guinea,1730.302051,1783.849928,1771.660021,1778.051517,1794.383093,1777.134675,1856.261018,1889.187878,1825.673328,1870.799979,1932.50574,2002.32161,2035.318549,2061.694838,2087.934946,2253.477596,2417.803795,2499.707266,2566.322989,2611.403311,2620.249519
Mortality,Guinea,1070,1090,1080,1020,920,831,772,754,750,747,748,744,731,767,699,621,576,,,,
GDP,Guinea-Bissau,1723.453049,1669.270256,1641.028914,1647.578063,1677.708689,1675.770179,1688.813687,1700.285515,1713.763538,1747.237485,1839.692742,1760.883995,1770.476147,1740.896737,1800.063382,1864.263035,1925.237737,1901.931739,1939.28951,1847.465824,1872.482562
Mortality,Guinea-Bissau,1180,1150,1110,1050,979,912,860,827,800,779,762,744,726,711,694,679,667,,,,
GDP,Guyana,7969.698164,8064.477809,8009.69586,8128.425017,7965.367468,8371.951303,8972.291003,9112.260174,9454.06801,9788.848751,10275.87598,10780.9365,11117.52279,11244.39739,11261.77956,11631.05672,12005.4051,12477.58064,13082.18148,18679.95543,22295.48997
Mortality,Guyana,216,227,226,220,223,221,208,192,185,179,180,185,175,174,172,170,169,,,,
GDP,Haiti,2884.217086,2866.165894,2917.29014,2832.076286,2872.033653,2876.07418,2963.690038,2994.76765,3122.145092,2900.909569,3003.223843,2973.969059,3057.915421,3066.850417,3102.345013,3116.487974,3153.299389,3165.304896,3073.32914,2934.245881,2846.741099
Mortality,Haiti,437,441,446,513,459,467,473,484,484,506,496,500,496,492,488,489,480,,,,
GDP,Honduras,4109.769697,4154.925357,4235.623137,4390.473342,4546.240635,4733.547869,4914.323743,5011.607299,4787.863751,4866.973931,4956.402852,5065.456999,5113.459151,5177.415197,5283.416914,5395.614551,5561.994542,5680.362884,5736.181633,5138.385398,5691.423197
Mortality,Honduras,83,80,78,77,77,77,77,76,75,74,72,70,69,68,67,65,65,,,,
GDP,"Hong Kong SAR, China",36251.93173,36689.62981,37885.7023,40861.84008,43689.48675,46462.63443,49042.93312,49787.76572,48458.93414,51359.87317,53471.85416,53783.98756,55229.64247,56358.05572,57214.67981,58098.41126,59842.213,61055.33662,59588.50493,55917.64746,60051.75485
Mortality,"Hong Kong SAR, China",,,,,,,,,,,,,,,,,,,,,
GDP,Hungary,20252.41087,21273.12412,22205.5429,23367.60743,24419.82886,25423.42512,25533.36755,25835.54969,24168.98359,24486.04173,25012.2947,24825.58083,25343.71384,26485.41282,27531.64408,28218.27918,29501.12042,31121.66514,32553.69447,31167.71088,33517.97411
Mortality,Hungary,15,16,15,15,15,14,15,14,13,13,13,12,12,12,12,12,12,,,,
GDP,Iceland,42626.92307,42484.51611,43095.35686,46051.74389,48104.65181,49956.84865,52827.01012,52999.43754,48770.95034,47457.62292,48186.16729,48440.25508,50168.68853,50450.74161,52142.93281,54665.76392,55638.49206,56818.19584,56935.77273,52375.68113,53462.65222
Mortality,Iceland,6,6,6,6,5,5,5,5,5,5,5,4,4,5,4,4,4,,,,
GDP,India,2656.655208,2711.511846,2876.743382,3054.918876,3245.299885,3453.105661,3661.955505,3720.092648,3956.359016,4234.979573,4399.88824,4583.173198,4818.522557,5116.629105,5464.394057,5851.39488,6182.922109,6514.002554,6689.365354,6186.614395,6675.349453
Mortality,India,354,336,319,303,286,270,255,240,225,210,197,185,175,166,158,150,145,,,,
GDP,Indonesia,5816.425412,5996.189946,6198.653268,6423.720714,6699.272091,6974.445654,7319.434386,7657.594719,7906.261955,8286.73287,8680.213342,9080.066113,9457.018541,9801.166283,10149.60387,10531.11097,10935.63172,11371.72556,11812.10243,11445.61403,11746.21669
Mortality,Indonesia,269,265,261,264,252,249,243,239,234,228,221,214,207,199,192,184,177,,,,
GDP,"Iran, Islamic Rep.",11136.14972,11886.33308,12754.35183,13147.59897,13409.25015,13921.55416,14891.96722,14767.00547,14751.27303,15429.30663,15652.39097,14885.38907,14478.27337,15006.94477,14599.66422,15672.63307,15883.39425,15311.63322,14903.51943,14971.25,
Mortality,"Iran, Islamic Rep.",44,41,39,36,34,32,30,28,25,22,19,18,17,17,17,16,16,,,,
GDP,Iraq,9089.706091,8102.258695,4989.514666,7458.34051,7411.659829,7680.13607,7695.114882,8189.061406,8294.154032,8597.064392,8949.936939,9824.808712,10170.21965,9818.652308,9946.976574,10997.38699,10526.37091,10556.02426,10889.8025,9437.495166,9474.778025
Mortality,Iraq,76,74,136,122,127,158,138,90,75,70,67,66,75,92,83,78,79,,,,
GDP,Ireland,49744.62633,51797.42503,52494.20477,55040.82017,56943.82753,58189.77752,59530.88528,55712.50072,52336.62818,52965.78825,53298.81288,53045.65382,53435.6393,57668.75547,71508.73384,72150.03997,77749.20196,83726.36296,86650.00466,90789.22102,102154.4345
Mortality,Ireland,7,6,6,6,7,6,6,7,7,6,7,6,6,6,6,6,5,,,,
GDP,Isle of Man,,,,,,,,,,,,,,,,,,,,,
Mortality,Isle of Man,,,,,,,,,,,,,,,,,,,,,
GDP,Israel,29282.52481,28642.44496,28453.25361,29328.70555,30014.61268,31192.1822,32512.86739,33045.12253,32633.41701,33864.23075,35086.72735,35417.29457,36423.19316,37204.50261,37306.13283,38214.48536,39121.29583,39903.4211,40626.21527,39056.41853,41582.47338
Mortality,Israel,7,7,6,6,5,5,5,4,4,4,4,4,4,4,3,3,3,,,,
GDP,Italy,43869.42794,43915.38534,43781.21998,44118.03664,44260.82742,44918.17035,45356.53672,44623.60202,42074.92125,42664.35527,42892.30556,41501.71123,40268.11279,39898.52646,40247.82904,40837.73763,41581.12079,42045.92147,42746.29575,39071.02333,41937.21115
Mortality,Italy,3,3,3,3,3,2,2,2,2,2,2,2,2,2,2,2,2,,,,
GDP,Jamaica,9399.37062,9522.531756,9811.195229,9884.23511,9918.047656,10152.17791,10246.16192,10113.15911,9625.375077,9435.760842,9546.493803,9433.845758,9427.678977,9438.476912,9473.106195,9553.096196,9600.104746,9734.862288,9777.005686,8761.019375,9126.115344
Mortality,Jamaica,79,78,79,80,80,79,79,79,79,79,79,79,79,78,78,80,80,,,,
GDP,Japan,36375.58642,36306.3302,36784.88103,37576.38989,38250.63801,38751.005,39280.8949,38781.19873,36577.8634,38069.95604,38149.61811,38735.89635,39569.63657,39739.54112,40402.58151,40727.96888,41444.21574,41739.20332,41697.41194,39935.46472,40769.82816
Mortality,Japan,8,8,7,7,7,7,6,6,6,6,6,5,5,5,5,5,5,,,,
GDP,Jordan,9035.144645,9377.645373,9558.458475,10105.46052,10577.29139,11002.22227,11399.96555,11662.89615,11650.36436,11315.5027,11016.39524,10688.28934,10414.92128,10284.6701,10145.8367,10036.54362,10003.57498,10013.39766,10071.37989,9816.554516,9969.106441
Mortality,Jordan,68,65,63,62,62,58,56,55,54,53,52,52,51,49,48,47,46,,,,
GDP,Kazakhstan,11682.84179,12827.23108,13973.07774,15208.44025,16536.01541,18112.7787,19500.47894,19770.21665,19614.73532,20751.25724,21970.08392,22702.57884,23720.81607,24355.75612,24290.41763,24210.86296,24862.96612,25544.34476,26351.80444,25361.50799,26033.23843
Mortality,Kazakhstan,57,52,49,46,43,40,36,30,24,22,19,17,14,13,12,10,10,,,,
GDP,Kenya,3219.779202,3150.75629,3156.455353,3228.523411,3326.831782,3445.805714,3581.332328,3491.67813,3509.270887,3690.214949,3776.094079,3844.855325,3887.728239,3979.724655,4074.620682,4144.744334,4203.585011,4339.774633,4459.210605,4349.010163,4572.668925
Mortality,Kenya,702,692,678,653,618,583,545,513,472,432,398,373,364,358,353,346,342,,,,
GDP,Kiribati,2103.838301,2146.906635,2152.215466,2078.360177,2138.247126,2091.386853,2085.532625,1995.82928,1968.636282,1908.721222,1908.888994,1976.287942,2029.378473,1979.607555,2144.704176,2104.06238,2069.054185,2146.421247,2102.782035,2059.100089,
Mortality,Kiribati,131,127,124,121,119,117,115,115,113,112,110,107,104,100,97,94,92,,,,
GDP,"Korea, Dem. People's Rep.",,,,,,,,,,,,,,,,,,,,,
Mortality,"Korea, Dem. People's Rep.",128,122,121,120,120,120,119,118,113,106,100,96,94,93,91,90,89,,,,
GDP,"Korea, Rep.",23893.89701,25591.39905,26260.36841,27515.95177,28640.70624,29990.522,31569.9312,32275.12525,32363.96866,34394.49049,35388.97691,36049.19349,37021.13416,37967.47562,38828.741,39814.65893,40957.41806,41965.89054,42758.59037,42335.86534,44116.01344
Mortality,"Korea, Rep.",15,15,16,15,15,14,15,15,16,15,14,13,13,12,12,11,11,,,,
GDP,Kosovo,,,,,,,,7032.452297,7327.439197,7627.89143,8040.593814,8105.374932,8486.565497,8796.62962,9445.105476,10031.04417,10436.16885,10755.16754,11318.46225,10706.51398,11579.32035
Mortality,Kosovo,,,,,,,,,,,,,,,,,,,,,
GDP,Kuwait,53578.81997,54322.97459,63008.62765,68233.86574,73155.71229,75224.80063,75580.93383,73022.9659,63886.25174,58810.40493,60887.68312,61416.9785,58995.36996,56647.43748,54834.39173,54708.97985,50855.55291,51070.81848,49946.73126,44847.05398,
Mortality,Kuwait,10,10,10,10,10,10,10,10,10,10,10,11,11,11,11,12,12,,,,
GDP,Kyrgyz Republic,3212.133547,3182.232895,3370.430199,3563.875363,3517.720509,3588.089918,3857.653909,4142.211454,4210.626347,4141.077206,4334.660789,4259.318204,4631.403267,4722.086002,4805.141092,4912.382484,5046.691535,5133.151914,5258.366696,4726.196559,4813.230183
Mortality,Kyrgyz Republic,76,83,82,79,82,85,84,81,80,79,79,74,70,69,66,63,60,,,,
GDP,Lao PDR,2977.796986,3106.008562,3245.185009,3399.34983,3584.320291,3830.395609,4052.83832,4296.483673,4542.181363,4850.175067,5158.835576,5489.040283,5841.881828,6193.340326,6543.670689,6896.127374,7257.812107,7592.829475,7886.652814,7810.73497,7895.569888
Mortality,Lao PDR,517,491,465,437,410,385,360,336,314,292,272,254,238,223,209,196,185,,,,
GDP,Latvia,13993.95342,15160.84205,16597.38784,18169.1835,20334.59997,22977.47883,25469.15706,24903.59451,21710.76714,21176.27939,22118.40927,23970.43506,24715.72077,25423.64488,26628.45817,27509.17311,28673.5634,30050.71649,31012.1351,30053.26324,31688.52661
Mortality,Latvia,35,33,34,32,30,32,32,29,28,26,26,23,27,24,23,26,19,,,,
GDP,Lebanon,14273.18348,14086.88312,13858.29871,14198.34426,14178.21773,14213.39402,15512.0235,16928.06809,18472.98819,19382.29408,18614.76257,17935.14269,17439.45432,16879.18114,16252.12012,16058.36576,15953.67042,15561.63189,14493.37237,10786.08742,9731.716602
Mortality,Lebanon,27,26,25,24,24,24,23,23,23,23,25,25,27,28,29,29,29,,,,
GDP,Lesotho,1742.878061,1760.601425,1851.348747,1894.320351,1969.63972,2059.335142,2148.825439,2267.251404,2235.405282,2346.713297,2444.928082,2585.365725,2614.14311,2639.445825,2701.421855,2776.740984,2668.291425,2614.658849,2656.115855,2435.932437,2441.514388
Mortality,Lesotho,633,653,671,680,679,668,652,623,607,594,585,586,583,579,574,559,544,,,,
GDP,Liberia,1740.238525,1763.457894,1210.912299,1219.414,1250.917778,1306.439074,1376.158914,1414.84596,1431.794222,1465.559281,1535.977175,1611.345438,1704.878692,1673.055864,1630.58429,1565.137386,1564.197682,1543.969079,1469.763959,1392.010924,1413.448263
Mortality,Liberia,913,1010,878,837,816,782,754,738,724,708,694,683,674,688,691,661,661,,,,
GDP,Libya,25239.79774,24600.74526,27360.32077,28132.47516,30991.9391,32511.72663,34029.027,33503.11845,31636.01436,32885.03905,16201.09414,30083.48759,24534.02907,18756.97943,18435.8466,17954.40714,23467.97844,24960.54428,21842.61925,16388.82432,21260.43238
Mortality,Libya,68,66,64,61,57,55,53,52,53,53,56,55,58,63,70,73,72,,,,
GDP,Liechtenstein,,,,,,,,,,,,,,,,,,,,,
Mortality,Liechtenstein,,,,,,,,,,,,,,,,,,,,,
GDP,Lithuania,14872.37909,16004.4389,17839.78274,19226.46927,21053.1846,22977.99665,25835.36802,26784.88003,23065.06196,23942.76036,25968.58342,27330.89595,28589.02666,29855.83149,30748.19631,31925.80342,33761.87124,35446.70808,37166.21008,37107.05664,38957.63114
Mortality,Lithuania,16,14,14,13,14,14,14,13,11,10,10,10,10,9,9,8,8,,,,
GDP,Luxembourg,101143.148,103317.3311,104743.0001,107634.8372,108632.36,113346.0358,120647.823,118154.6672,112230.0814,114343.9881,112998.3905,112137.1355,113050.6633,113313.5789,113182.7286,116283.6997,114985.8422,115049.9261,116518.2768,112557.3095,118680.0437
Mortality,Luxembourg,10,9,8,8,9,9,8,6,7,8,8,7,6,6,5,5,5,,,,
GDP,"Macao SAR, China",51283.81443,54498.78178,59342.92934,73322.92848,77395.67882,85814.71391,96154.35538,97345.22157,96493.79306,118085.5672,140321.908,149702.4415,161971.4647,155201.7406,119406.9191,116519.5075,126144.1041,132373.5441,127272.5485,57728.9864,67178.74475
Mortality,"Macao SAR, China",,,,,,,,,,,,,,,,,,,,,
GDP,Madagascar,1658.935854,1409.395634,1501.274546,1533.699321,1559.874958,1596.753461,1639.883027,1700.696078,1587.567182,1553.40502,1534.939965,1538.516682,1531.778591,1540.744961,1546.767216,1565.867725,1584.424519,1592.053801,1618.532561,1463.787723,1488.645037
Mortality,Madagascar,552,547,543,539,526,513,503,491,474,453,432,413,394,378,363,348,335,,,,
GDP,Malawi,1044.579237,1036.792557,1069.781011,1100.114395,1106.910658,1127.871699,1202.04073,1257.483867,1323.616063,1374.571287,1400.593643,1386.789994,1418.074331,1457.47302,1457.503692,1453.777365,1472.146868,1496.732217,1537.141177,1508.842902,1509.504777
Mortality,Malawi,735,714,687,654,610,566,526,493,466,444,428,413,396,381,370,358,349,,,,
GDP,Malaysia,15652.01445,16155.60162,16751.40714,17538.4857,18114.14411,18752.54579,19546.98592,20103.50414,19442.98535,20536.37251,21289.25754,22132.21692,22855.94969,23906.22858,24787.82375,25541.77051,26661.50742,27577.38056,28421.46248,26471.67382,26959.24926
Mortality,Malaysia,36,34,33,32,31,30,30,29,29,30,30,30,30,30,30,29,29,,,,
GDP,Maldives,12521.45813,13071.97258,14452.00451,14901.40083,12607.23168,15516.36159,16330.16214,17448.30235,15731.55544,16305.16221,17015.15108,16708.4769,17133.09922,17567.72394,17283.97301,17583.58842,18057.91092,18793.84473,19510.49184,12744.42979,16595.96533
Mortality,Maldives,111,105,97,89,75,71,71,72,71,67,62,60,58,56,54,54,53,,,,
GDP,Mali,1823.840688,1824.60115,1930.207369,1899.082029,1958.818731,1983.705551,1985.623428,2012.281262,2041.330218,2082.961935,2085.420849,2007.80693,1995.159252,2075.400681,2139.736297,2198.560381,2246.797421,2283.702413,2321.702199,2225.894238,2227.685595
Mortality,Mali,797,764,739,715,691,675,663,661,661,660,663,663,663,642,620,590,562,,,,
GDP,Malta,26985.60739,27472.28614,28404.08738,28253.53183,29023.91645,29644.2561,30951.54851,31927.451,31328.35491,32903.07412,32916.98278,33965.60859,35325.18551,37270.07559,39887.70689,40303.46252,43559.31618,44602.757,45396.73229,40696.73837,44395.33046
Mortality,Malta,10,9,10,9,8,8,8,8,7,8,7,7,7,6,7,6,6,,,,
GDP,Marshall Islands,3517.848086,3582.774441,3452.5574,3420.649313,3451.667204,3408.223515,3500.683056,3277.338065,3376.355604,3594.739155,3562.425457,3469.121925,3594.503184,3544.777806,3585.621905,3615.15278,3711.44609,3820.495242,4048.088715,3931.771419,3806.213557
Mortality,Marshall Islands,,,,,,,,,,,,,,,,,,,,,
GDP,Mauritania,4126.220846,4069.247853,4230.785874,4307.256064,4544.869224,5226.506182,4978.62037,4821.04409,4687.57593,4671.642677,4725.334067,4792.83905,4846.712453,4908.107752,5024.467256,4944.56903,5108.549132,5193.393556,5343.997921,5109.804948,5089.987374
Mortality,Mauritania,835,836,836,830,826,821,820,819,822,824,822,812,805,796,785,777,766,,,,
GDP,Mauritius,12191.92742,12303.10685,12938.15268,13413.99326,13571.8356,14165.95449,14909.17086,15655.60432,16131.70698,16797.81724,17454.78008,18014.99115,18579.37416,19240.22471,19897.4754,20646.933,21415.11611,22208.13812,22869.75631,19462.93435,20244.1616
Mortality,Mauritius,54,54,57,54,53,55,56,53,59,66,54,63,60,70,73,67,61,,,,
GDP,Mexico,17438.20852,17193.56108,17205.98656,17635.24685,17788.58912,18319.47756,18462.84012,18396.81092,17168.97733,17790.01192,18186.22457,18594.89447,18600.37118,18887.56744,19268.9144,19539.26125,19721.26098,19928.39618,19675.44067,17878.27729,18544.71206
Mortality,Mexico,55,56,55,54,54,51,49,49,51,46,43,41,39,38,36,34,33,,,,
GDP,"Micronesia, Fed. Sts.",3515.803071,3539.757632,3599.610787,3497.833426,3585.699306,3608.667463,3574.016699,3518.016517,3576.435227,3659.195335,3756.453413,3649.007483,3467.746386,3339.798157,3447.885868,3436.973338,3489.707594,3460.489696,3465.119981,3368.137937,3226.143032
Mortality,"Micronesia, Fed. Sts.",150,163,141,137,133,128,123,118,114,110,106,103,99,96,95,90,88,,,,
GDP,Moldova,5395.967306,5830.339102,6232.667023,6710.469094,7231.328393,7599.524752,7845.669369,8473.747888,7975.384113,8550.170605,9052.866491,9000.658888,9817.296264,10314.40964,10360.82956,10942.55084,11651.31745,12363.14683,13026.51597,12269.92307,14233.85342
Mortality,Moldova,39,38,36,32,34,31,31,29,28,29,21,22,21,23,22,20,19,,,,
GDP,Monaco,,,,,,,,,,,,,,,,,,,,,
Mortality,Monaco,,,,,,,,,,,,,,,,,,,,,
GDP,Mongolia,4614.387656,4785.972155,5068.306457,5544.780593,5876.280812,6298.235621,6850.078177,7351.82775,7144.829966,7470.780739,8602.94952,9476.925969,10371.28926,10967.11175,11009.71496,10961.96804,11366.30394,12028.63565,12486.07746,11723.8735,11708.36094
Mortality,Mongolia,138,124,114,106,98,91,85,80,73,66,59,54,51,49,47,46,45,,,,
GDP,Montenegro,12505.15866,12692.28249,12955.57295,13505.03881,14048.83335,15233.36833,16248.32745,17391.01169,16348.07664,16764.34005,17287.40003,16802.3827,17381.72311,17674.60408,18263.58986,18797.88351,19682.2652,20686.56152,21533.93209,18258.9495,20566.83806
Mortality,Montenegro,12,11,11,10,9,9,8,8,8,7,7,7,6,6,6,6,6,,,,
GDP,Morocco,4633.941406,4721.692383,4944.120117,5120.54834,5227.279297,5557.747559,5686.918945,5952.333984,6128.78125,6281.123535,6522.02002,6625.104004,6827.852539,6911.803223,7126.28418,7105.855957,7312.056641,7446.936035,7546.754883,6986.283691,7412.672852
Mortality,Morocco,174,162,152,142,131,121,113,106,99,92,86,81,78,76,74,72,70,,,,
GDP,Mozambique,687.1494257,729.2899769,756.5942823,792.7272742,821.3458142,875.9165979,917.7952405,958.2834241,991.3228347,1027.208877,1073.478134,1120.128481,1165.408205,1217.088867,1262.613128,1273.783633,1283.65987,1289.735948,1281.780014,1229.940296,1221.824336
Mortality,Mozambique,745,700,657,615,577,539,505,471,439,412,389,371,356,339,318,301,289,,,,
GDP,Myanmar,1055.653371,1167.404444,1306.769123,1473.020996,1659.692412,1867.152422,2086.991247,2303.802995,2527.390561,2762.613459,2947.65737,3113.005235,3330.469234,3574.031521,3663.142302,4020.242953,4224.545031,4467.85855,4739.710438,4857.389834,3954.999906
Mortality,Myanmar,331,323,314,307,299,293,287,289,274,265,259,254,251,247,246,245,250,,,,
GDP,Namibia,6775.221615,6992.865314,7182.307341,7942.557254,8014.973861,8438.216924,8735.713739,8805.410688,8671.66411,9031.160596,9324.528879,9626.539192,9990.745835,10413.31422,10662.82994,10471.27929,10171.4215,10087.45708,9809.218482,8872.622653,8925.201528
Mortality,Namibia,352,356,359,358,346,328,306,284,276,266,256,240,231,223,217,207,195,,,,
GDP,Nauru,,,,5574.836597,5437.740327,5960.23817,4589.025372,5589.507219,6057.790355,6687.839287,7312.785954,8089.953108,10491.94098,13174.32515,13550.32053,13900.26914,12973.82018,13634.70865,13525.77285,13592.84507,13747.25069
Mortality,Nauru,,,,,,,,,,,,,,,,,,,,,
GDP,Nepal,2136.328983,2106.152373,2158.231649,2229.210718,2277.63361,2325.168216,2375.70189,2493.88453,2585.896329,2697.432423,2786.843939,2922.619609,3033.780787,3217.44851,3331.87177,3315.814414,3565.197807,3773.715918,3952.760349,3789.150372,3878.44442
Mortality,Nepal,521,520,470,447,415,386,361,342,323,305,285,266,248,231,236,200,186,,,,
GDP,Netherlands,48160.78437,47958.33197,47806.88443,48586.70462,49467.43543,51097.36261,52909.96976,53848.25223,51607.60573,52032.9865,52594.22901,51860.05599,51640.07669,52186.99739,52974.11622,53847.82655,55088.6338,56060.91363,56784.03725,54324.38441,56761.01473
Mortality,Netherlands,13,13,12,11,11,9,9,8,8,7,7,7,6,6,6,6,5,,,,
GDP,New Caledonia,,,,,,,,,,,,,,,,,,,,,
Mortality,New Caledonia,,,,,,,,,,,,,,,,,,,,,
GDP,New Zealand,33708.70451,34676.79529,35546.09643,36432.49048,37219.80295,37828.18685,38611.98032,37860.11256,37432.83357,37583.11174,38137.49061,38780.60562,39521.07555,40353.10606,41020.31258,41620.34796,42218.53771,42862.07098,43110.37124,41642.02809,43301.43159
Mortality,New Zealand,11,12,12,11,11,11,11,10,11,11,10,10,9,10,10,10,9,,,,
GDP,Nicaragua,4025.934079,3998.81021,4043.220987,4200.212434,4320.677606,4438.858701,4600.536063,4693.664437,4477.4095,4611.821054,4837.57198,5083.328585,5263.484839,5443.31161,5630.372643,5811.915729,6004.02858,5729.688224,5445.729533,5284.46199,5763.427315
Mortality,Nicaragua,157,151,145,138,131,124,121,116,113,112,110,108,105,103,101,100,98,,,,
GDP,Niger,964.7248907,975.7542143,960.8341459,929.2172221,960.8503478,980.4545749,973.9832132,1010.378015,991.6984246,1036.16072,1020.264638,1084.764363,1098.64382,1126.80544,1131.519187,1151.176224,1163.22617,1200.402348,1224.375135,1221.26993,1192.263286
Mortality,Niger,803,795,782,770,755,739,725,709,688,663,639,616,594,573,555,530,509,,,,
GDP,Nigeria,3075.003131,3458.070666,3619.140208,3854.008064,3997.439751,4130.403306,4288.270307,4458.622295,4690.379449,4932.3348,5056.892147,5131.372645,5329.121517,5516.385598,5514.770273,5284.893228,5190.356127,5155.075994,5135.499469,4916.721381,4969.218447
Mortality,Nigeria,1200,1180,1170,1130,1080,1040,1010,996,987,978,972,963,951,943,931,925,917,,,,
GDP,North Macedonia,9869.516928,10089.94831,10280.53897,10730.5067,11213.64136,11770.19768,12511.7125,13174.82704,13103.42691,13514.98166,13807.46535,13727.77292,14108.89128,14596.60015,15139.25162,15553.43932,15706.44417,16145.5359,16773.04057,15779.69148,16464.33609
Mortality,North Macedonia,12,12,10,11,10,10,10,8,8,8,8,8,8,8,8,8,7,,,,
GDP,Northern Mariana Islands,,,,,,,,,,,,,,,,,,,,,
Mortality,Northern Mariana Islands,,,,,,,,,,,,,,,,,,,,,
GDP,Norway,58018.31143,58540.84544,58728.15699,60699.56658,61870.36456,62846.93868,64062.43931,63570.34148,61689.55854,61353.47733,61157.12993,61990.69236,61878.97518,62390.13031,62987.51629,63104.08078,64050.75617,64341.25868,64385.00599,63548.00082,65688.55101
Mortality,Norway,5,5,5,5,5,4,4,4,4,4,4,3,3,3,3,3,2,,,,
GDP,Oman,39907.62795,38793.79952,36946.71945,36515.75386,36445.50639,37369.12722,37910.62679,39620.77152,40212.00461,38678.96312,37231.91648,37670.65044,36831.07383,34875.78297,34564.92309,34591.7165,33308.48431,32594.6903,31284.01636,29502.05967,
Mortality,Oman,20,20,20,19,19,18,18,18,18,18,18,18,18,18,19,19,19,,,,
GDP,Pakistan,3688.949441,3691.177973,3814.042397,4008.376354,4172.741056,4318.708066,4425.291973,4399.87748,4424.540449,4397.935623,4422.302296,4481.095736,4580.740669,4695.588614,4816.099351,4977.338102,5091.087164,5294.216386,5317.774364,5144.289671,5350.144973
Mortality,Pakistan,275,264,254,243,237,222,214,205,199,191,180,173,166,161,154,143,140,,,,
GDP,Palau,14402.9545,14727.09362,14124.24784,14773.58684,15418.37694,15543.60734,16177.25508,15609.3421,14913.83828,15225.77416,16431.95064,16813.84332,16273.8364,17276.49789,18536.9144,18466.05618,17768.41105,17648.28037,17227.06271,15471.37954,
Mortality,Palau,,,,,,,,,,,,,,,,,,,,,
GDP,Panama,14311.02161,14353.36905,14677.99494,15491.00064,16301.51449,17391.08796,19125.62699,20636.92562,20525.6183,21343.33418,23349.16655,25196.31453,26480.56194,27352.51991,28430.9851,29332.3766,30446.84956,31039.07227,31440.26353,25389.81227,28837.00151
Mortality,Panama,86,91,93,88,88,88,86,84,82,79,76,74,66,60,58,55,52,,,,
GDP,Papua New Guinea,2806.613406,2745.181747,2748.36805,2765.011619,2876.767031,2963.059151,3118.797624,3034.802916,3164.709758,3406.231263,3369.436137,3452.968671,3512.597587,3908.864972,4083.257616,4222.013358,4285.109475,4189.587189,4292.609429,4063.239709,4046.409023
Mortality,Papua New Guinea,242,234,225,213,200,187,179,173,170,168,166,164,160,155,151,148,145,,,,
GDP,Paraguay,8295.067442,8138.104853,8337.472158,8528.03793,8570.094465,8846.701735,9193.839912,9657.68146,9503.266644,10415.65644,10714.69093,10493.81277,11209.13154,11643.72751,11828.14013,12170.78439,12590.54844,12827.70802,12615.52865,12357.92723,12721.57444
Mortality,Paraguay,191,188,185,180,174,168,163,158,153,148,145,141,138,135,132,130,129,,,,
GDP,Peru,6380.337664,6653.395098,6861.830619,7136.351561,7519.029069,8017.255022,8629.264533,9341.231027,9368.045463,10066.46757,10616.8437,11176.08672,11724.0036,11877.07893,12110.2669,12403.68714,12506.52938,12781.44035,12858.3263,11289.76968,12648.22402
Mortality,Peru,138,132,127,122,118,114,112,108,106,104,102,100,98,96,94,91,88,,,,
GDP,Philippines,4492.721424,4562.761382,4697.48565,4908.058738,5054.238933,5228.315741,5474.681327,5618.484953,5606.590677,5918.373229,6043.601676,6351.264942,6666.250512,6973.638909,7300.13621,7705.05377,8120.868793,8516.136549,8914.723798,7958.39592,8301.233175
Mortality,Philippines,163,160,156,156,156,156,149,148,149,144,141,139,136,131,127,124,121,,,,
GDP,Poland,16466.78676,16809.81841,17409.63874,18287.82825,18937.4759,20111.2993,21543.16329,22444.90827,23064.95318,23996.14005,25124.27608,25457.20755,25759.33912,26649.57818,27797.05951,28682.69354,30064.50348,31674.13121,33185.15813,32398.70475,34363.01907
Mortality,Poland,6,5,5,5,4,4,4,4,3,3,3,3,3,2,2,2,2,,,,
GDP,Portugal,30756.01895,30823.84904,30422.60203,30892.81988,31076.64412,31524.74957,32251.5691,32307.91277,31269.41046,31798.15381,31304.81553,30156.70158,30042.89072,30444.60021,31118.79067,31847.53773,33044.71674,34040.72539,34945.66134,31961.77526,33514.27408
Mortality,Portugal,10,10,10,10,9,9,9,9,9,9,9,9,8,8,9,9,8,,,,
GDP,Puerto Rico,31958.10478,32209.43108,32206.47298,35016.94713,34370.72325,34030.09907,33831.94268,33403.43289,32930.36984,32960.69939,33224.57387,33638.87414,33922.16695,34070.26215,34311.03825,34539.59552,34363.75463,34299.36716,34804.94346,32551.06841,
Mortality,Puerto Rico,26,24,23,25,23,23,23,23,23,21,22,19,20,21,20,20,21,,,,
GDP,Qatar,86643.64357,89119.38417,86886.94858,93748.55013,87721.94941,93656.33907,92749.55666,92555.30034,89954.84611,95908.31282,99147.28818,96261.48733,95499.90761,95578.26151,95965.25124,95601.80731,91738.75279,90970.0609,90043.799,85290.45043,85128.22358
Mortality,Qatar,14,13,13,13,12,11,11,11,10,10,10,10,10,10,9,9,9,,,,
GDP,Romania,12920.48085,13909.65599,14338.34656,15924.04054,16770.64313,18224.77123,19833.95442,22044.29174,21002.2619,20303.14903,20792.1593,21311.11919,22197.02329,23084.35913,23878.17235,25144.9963,27141.90093,28523.45385,29875.06277,28925.78919,30854.64295
Mortality,Romania,49,47,43,39,35,32,30,28,28,27,24,23,21,21,21,21,19,,,,
GDP,Russian Federation,15378.08984,16175.09766,17434.80859,18765.51953,20042.81445,21757.46484,23647.26563,24887.85352,22939.69336,23961.2207,24972.07813,25933.29297,26332.39648,26057.15625,25488.0957,25490.70898,25926.44336,26656.41016,27254.57422,26578.46094,27969.67773
Mortality,Russian Federation,53,51,49,45,42,36,32,30,27,25,23,22,20,19,18,18,17,,,,
GDP,Rwanda,907.2135292,1003.020778,1009.526029,1069.297799,1148.446372,1226.238741,1287.048412,1393.029902,1441.000286,1507.16501,1586.960943,1682.206491,1718.935476,1780.144699,1889.158106,1950.526265,1975.248661,2088.749474,2227.515571,2098.635559,2270.218365
Mortality,Rwanda,1100,961,870,758,643,541,469,427,424,373,349,329,308,291,275,260,248,,,,
GDP,Samoa,4808.002521,5050.49306,5281.690946,5410.72792,5733.839074,5818.794065,5809.461004,5975.839395,5902.15124,6007.399009,6207.20372,5902.403171,5827.799728,5785.095998,5993.452243,6446.184015,6486.108339,6380.973775,6627.838501,6413.330111,5844.15038
Mortality,Samoa,85,84,80,74,72,66,62,60,58,58,54,52,48,47,45,44,43,,,,
GDP,San Marino,77249.23671,76507.47523,78396.54464,80883.70326,81766.00552,83839.84989,88683.31675,87177.9021,77188.62983,72038.11483,65142.76563,59708.72838,58419.91459,57328.0776,58061.85637,59009.80185,58867.01326,59546.59135,60633.06165,56478.81077,
Mortality,San Marino,,,,,,,,,,,,,,,,,,,,,
GDP,Sao Tome and Principe,2589.163857,2602.347064,2718.922657,2761.949328,2887.700597,3069.000526,3080.798742,3239.020211,3227.913337,3357.470193,3426.324614,3461.32746,3558.436593,3720.786785,3794.358595,3878.82987,3952.945394,3993.278796,4005.341623,4051.604844,4046.923126
Mortality,Sao Tome and Principe,173,169,167,166,163,158,154,150,145,140,137,134,132,131,130,130,130,,,,
GDP,Saudi Arabia,40393.95352,38170.206,41229.79377,43210.23023,44309.51437,44276.87275,43865.90028,45340.0975,43169.52258,44036.74724,46989.13416,48024.43579,47848.36495,48209.12757,48921.1983,48625.84585,47306.21202,47629.95181,46999.93814,44349.47283,45104.27777
Mortality,Saudi Arabia,24,23,23,22,22,21,21,20,20,19,18,18,17,17,17,17,17,,,,
GDP,Senegal,2642.686144,2580.8321,2658.561798,2712.877539,2758.353446,2750.19548,2754.192237,2780.615307,2780.613027,2797.11016,2757.079405,2788.671459,2777.111769,2868.315877,2966.455347,3068.058303,3203.906368,3309.486173,3368.262274,3321.681151,3430.442618
Mortality,Senegal,545,537,532,526,519,514,504,492,472,447,423,400,381,364,346,330,315,,,,
GDP,Serbia,9529.220775,10146.56913,10614.33265,11599.64923,12277.98163,12955.95856,13846.28812,14691.78637,14347.8622,14510.96932,14923.80779,14894.2021,15399.78929,15226.32648,15578.2093,16182.82839,16611.02374,17452.80313,18306.78524,18255.0542,19761.64742
Mortality,Serbia,13,13,13,13,12,12,12,12,12,12,12,12,12,12,13,12,12,,,,
GDP,Seychelles,18865.32806,18519.18541,17627.26859,17188.34821,18649.68385,19983.75998,21953.98978,21007.58002,20694.00462,21322.53877,23617.02909,23681.34689,24647.07805,25359.84646,26198.7213,27234.41323,28116.71049,28740.54985,29365.99966,26867.55911,27159.65534
Mortality,Seychelles,54,54,54,55,55,55,55,55,55,55,55,55,55,55,54,54,53,,,,
GDP,Sierra Leone,955.3021343,1156.181979,1206.679841,1231.16054,1238.394612,1250.048412,1314.60562,1353.051861,1365.218902,1406.175377,1461.355165,1645.764968,1942.880038,1987.068788,1543.712082,1602.133005,1633.730738,1654.599843,1705.191452,1637.296623,1653.17542
Mortality,Sierra Leone,2250,2080,1960,1850,1760,1680,1610,1530,1450,1360,1270,1210,1180,1190,1180,1120,1120,,,,
GDP,Singapore,53833.72753,55437.55789,58819.95605,63862.12344,66973.54566,70756.44143,73992.12378,71464.9282,69430.48467,78115.21181,81258.0849,82805.61445,85400.72514,87616.63753,89160.72716,91146.09585,95310.33386,98336.95649,98283.30891,94505.63616,106032.2248
Mortality,Singapore,13,14,13,14,13,13,12,11,10,10,10,10,9,8,9,8,8,,,,
GDP,Sint Maarten (Dutch part),,,,,,,,,41969.40438,43543.89042,46392.86946,45401.70305,43523.53646,42946.6852,41852.40477,40857.77089,37914.12297,35133.83144,,,
Mortality,Sint Maarten (Dutch part),,,,,,,,,,,,,,,,,,,,,
GDP,Slovak Republic,16205.92945,16942.88459,17886.35724,18834.39111,20079.91016,21784.33086,24136.97208,25460.73776,24039.66267,25528.74573,26168.27826,26478.60215,26623.35055,27322.14239,28719.86308,29236.92193,30061.55147,31159.02246,31927.59383,30509.76932,31498.12636
Mortality,Slovak Republic,8,7,7,7,7,6,7,6,6,6,6,6,6,5,6,6,5,,,,
GDP,Slovenia,27079.4749,27994.06198,28805.38512,30041.81457,31128.82984,32812.73849,34907.36883,36075.46697,33052.22754,33350.61359,33568.06735,32613.49053,32234.02576,33093.75044,33799.72553,34853.04212,36507.55304,37984.13292,38946.68538,37050.54764,39969.8118
Mortality,Slovenia,10,11,10,11,10,8,8,8,8,8,8,7,7,7,7,7,7,,,,
GDP,Solomon Islands,2018.581472,1910.310206,1982.204509,2061.181205,2122.464729,2174.24593,2219.85775,2296.320382,2301.303158,2439.543123,2550.802675,2530.405147,2594.115528,2551.02851,2518.312466,2596.035784,2663.492004,2697.164052,2660.514892,2482.374946,2417.72498
Mortality,Solomon Islands,233,222,210,199,188,177,172,159,152,141,134,127,122,120,112,108,104,,,,
GDP,Somalia,,,,,,,,,,,,,877.3010055,917.8765492,1026.03818,1081.763907,1079.112443,1129.531464,1186.450871,1180.965971,1185.562018
Mortality,Somalia,1170,1140,1100,1080,1040,1040,1030,1010,994,985,955,943,893,878,855,865,829,,,,
GDP,South Africa,11181.68921,11449.81831,11644.09977,12027.08062,12506.00212,13040.9799,13563.72687,13811.06105,13410.71532,13618.72526,13837.66878,13946.94784,14066.10278,14040.82591,14010.10442,13897.13937,13860.27017,13875.93525,13709.96637,12665.8324,13126.01474
Mortality,South Africa,168,177,186,195,201,201,199,191,179,171,161,143,133,128,125,122,119,,,,
GDP,South Sudan,,,,,,,,,,,,,,,,,,,,,
Mortality,South Sudan,1690,1660,1610,1550,1480,1410,1330,1250,1170,1100,1070,1050,1090,1140,1110,1130,1150,,,,
GDP,Spain,35874.75293,36337.5552,36750.44185,37249.77351,37963.36584,38858.47107,39520.82227,39240.39519,37430.6785,37319.47622,36884.25924,35769.46003,35371.73982,35968.62014,37377.06802,38477.57918,39528.92539,40256.95248,40802.48774,36210.87493,38097.84173
Mortality,Spain,5,5,5,5,5,4,4,4,4,4,4,4,4,4,4,4,4,,,,
GDP,Sri Lanka,5816.473939,5999.25704,6302.215947,6589.463508,6944.226768,7419.413868,7865.368304,8274.175363,8507.592916,9126.865612,9827.622086,10712.39735,10990.07059,11428.1079,11890.51653,12287.47307,12584.10479,12860.32083,13079.53863,12539.97101,12859.3441
Mortality,Sri Lanka,53,50,50,48,45,47,43,42,41,38,38,37,37,36,36,36,36,,,,
GDP,St. Kitts and Nevis,20913.74831,20934.13435,19855.31154,20392.93414,22125.07761,22590.1827,22518.43507,24823.12807,23776.50926,23586.93935,23759.34039,23428.50184,24545.28025,26174.6149,26141.82947,26938.80241,26980.32456,27488.29439,28592.90075,24307.9975,23899.88595
Mortality,St. Kitts and Nevis,,,,,,,,,,,,,,,,,,,,,
GDP,St. Lucia,12432.26856,12389.42875,12826.21531,13648.58539,13460.57495,14124.21472,14168.99973,14663.23591,14065.42355,14137.58951,14789.96693,14667.16101,14133.48433,14317.35666,14057.6076,14497.59547,14928.39607,15286.27915,15200.87208,12048.92774,12790.30384
Mortality,St. Lucia,86,90,92,89,83,82,87,93,100,109,116,116,108,104,115,117,117,,,,
GDP,St. Martin (French part),,,,,,,,,,,,,,,,,,,,,
Mortality,St. Martin (French part),,,,,,,,,,,,,,,,,,,,,
GDP,St. Vincent and the Grenadines,9375.725837,9858.132166,10495.73192,10907.66155,11169.12131,11952.2675,12359.22473,12422.3997,12263.41297,11718.75193,11641.78945,11764.86122,12033.59453,12144.19101,12451.89535,12929.26272,13102.13049,13455.00782,13462.58277,12706.69002,12763.05578
Mortality,St. Vincent and the Grenadines,75,72,69,64,59,62,67,70,67,63,64,71,73,69,64,67,68,,,,
GDP,Sudan,4052.506836,4177.680176,4318.017578,4414.896973,4535.845215,4699.750488,4834.11084,4885.308594,4625.24707,4680.770996,4956.594238,4576.473633,4555.347656,4654.063965,4630.155273,4677.160156,4598.850098,4369.761719,4173.566406,3927.043945,3838.73999
Mortality,Sudan,645,614,598,580,529,508,479,454,433,408,390,368,349,333,320,308,295,,,,
GDP,Suriname,13456.20576,13670.79147,14361.99274,15401.51879,15908.30074,16635.73971,17284.62728,17793.99599,18120.32454,18840.36902,19716.9318,20020.31498,20379.87057,20210.99621,19317.05451,18180.60261,18283.68839,19005.65435,19036.74504,15864.551,15179.05889
Mortality,Suriname,218,207,189,176,164,165,167,169,159,148,139,134,129,124,122,121,120,,,,
GDP,Sweden,41103.72646,41870.25916,42678.28414,44354.39106,45440.29675,47292.31369,48557.38435,47963.49375,45492.76817,47791.37152,48947.43931,48300.8425,48462.16,49258.99616,50928.96298,51334.43203,51947.95425,52349.29243,52850.56918,50925.18088,53050.32653
Mortality,Sweden,5,5,5,5,5,5,5,5,5,4,5,5,5,5,4,4,4,,,,
GDP,Switzerland,59944.77692,59489.74806,59022.35241,60271.93241,61613.39105,63686.24824,65641.71061,66598.85937,64404.07986,65819.73725,66342.01082,66440.28702,66877.16305,67682.68618,68025.92004,68663.24382,69103.57026,70597.29207,70944.35481,68755.43703,70792.65653
Mortality,Switzerland,7,7,7,7,7,7,6,6,6,6,6,6,6,5,5,5,5,,,,
GDP,Syrian Arab Republic,,,,,,,,,,,,,,,,,,,,,
Mortality,Syrian Arab Republic,26,26,25,26,25,26,26,26,26,27,28,28,29,30,30,30,31,,,,
GDP,Tajikistan,1428.119707,1555.679602,1696.529338,1837.33112,1923.781794,2018.817874,2133.122434,2254.62991,2293.313229,2389.605921,2509.720156,2637.194886,2767.354769,2883.697905,2984.518548,3113.257637,3252.932655,3415.299465,3581.409187,3654.072934,3903.495763
Mortality,Tajikistan,52,43,35,33,32,29,27,26,26,23,22,21,20,19,18,17,17,,,,
GDP,Tanzania,1456.566772,1518.094482,1574.777588,1645.839966,1719.727783,1781.277588,1848.985474,1899.482056,1943.040894,2006.971313,2098.276611,2128.528809,2205.951416,2284.96167,2354.138916,2441.636963,2530.603271,2590.201172,2660.637451,2635.356689,2669.43335
Mortality,Tanzania,819,788,763,741,721,703,685,666,656,644,628,615,593,574,556,539,524,,,,
GDP,Thailand,10053.8154,10583.76186,11260.15811,11886.32462,12304.40208,12837.87792,13460.06056,13620.53237,13458.52671,14399.04451,14450.47883,15424.54427,15767.36081,15854.13186,16285.38657,16782.09867,17422.95235,18101.5175,18438.64738,17253.06778,17485.50852
Mortality,Thailand,43,44,44,46,43,42,42,43,43,42,41,39,39,38,38,37,37,,,,
GDP,Timor-Leste,2658.011341,2422.161761,2308.236698,2258.38417,2271.537022,2132.307779,2305.873618,2522.188742,2729.281474,2931.431717,3051.236134,3143.277792,3182.736105,3266.731666,3295.3038,3342.608766,3177.485137,3094.129787,3626.673162,3925.948159,4021.121607
Mortality,Timor-Leste,720,668,603,507,415,348,300,269,242,219,198,185,176,168,160,152,142,,,,
GDP,Togo,1667.653809,1686.668345,1754.905804,1694.145887,1573.683752,1572.99505,1513.161163,1532.423976,1573.970673,1625.545446,1683.856263,1746.931262,1805.488919,1863.281894,1920.469307,1976.807793,2012.240693,2061.334176,2121.899918,2107.877763,2166.55401
Mortality,Togo,489,489,489,488,492,482,480,473,458,440,422,410,404,401,398,395,396,,,,
GDP,Tonga,5194.943073,5417.036686,5510.456154,5344.184551,5311.730462,5261.80681,5231.68272,5437.418932,5129.269731,5166.305987,5541.100474,5631.409189,5702.728824,5860.75391,5943.732408,6311.561449,6466.340669,6410.512524,6377.35552,6346.230511,
Mortality,Tonga,73,71,69,67,66,64,62,60,61,57,56,56,56,55,54,53,52,,,,
GDP,Trinidad and Tobago,18204.53402,19563.48277,22277.81324,23926.7943,25287.30171,28494.1876,29714.3136,30581.93252,29095.5978,29899.01745,29631.72021,29836.78499,30313.66543,29864.02646,30219.32677,28161.60085,27277.87832,26972.51781,26827.29412,24768.68155,24456.77655
Mortality,Trinidad and Tobago,78,74,75,76,76,73,65,72,74,71,72,71,70,69,68,68,67,,,,
GDP,Tunisia,8045.873069,8088.407334,8405.725084,8861.284775,9093.567663,9481.849469,10016.3936,10330.89197,10532.77706,10733.99774,10409.94393,10743.75819,10898.36627,11123.20187,11113.55399,11114.47487,11234.49842,11398.02781,11420.84973,10313.9723,10554.13555
Mortality,Tunisia,63,60,57,54,51,49,47,47,46,46,46,46,46,46,46,45,43,,,,
GDP,Turkiye,14330.41814,15031.22298,15670.41763,16968.87361,18251.6691,19277.53069,20009.68889,19933.06727,18731.51938,20027.66683,21932.29457,22610.68277,24117.65847,24881.72779,25958.64076,26385.00194,27913.81872,28318.4358,28197.24883,28393.4659,31252.07694
Mortality,Turkiye,41,39,38,35,33,30,28,27,25,24,23,22,20,19,19,18,17,,,,
GDP,Turkmenistan,4772.176619,4736.780784,4843.567087,5034.24789,5629.069839,6174.738028,6773.095694,7665.452198,8015.809617,8616.889533,9717.641886,10604.00041,11471.18408,12421.36977,12993.53181,13562.52848,14205.02651,14845.34465,15538.41997,,
Mortality,Turkmenistan,27,25,21,20,18,18,15,13,12,10,10,9,9,8,8,8,7,,,,
GDP,Turks and Caicos Islands,,,,,,,,,,,23761.20658,23049.44728,22849.57591,24392.02057,26693.10354,28175.2522,27060.58966,28160.88929,29251.07773,21126.94785,21291.26149
Mortality,Turks and Caicos Islands,,,,,,,,,,,,,,,,,,,,,
GDP,Tuvalu,3543.048004,3833.962297,3617.863497,3482.986203,3279.129854,3318.937436,3520.858448,3720.62976,3455.26289,3343.79856,3536.490509,3423.2316,3537.496173,3497.520822,3818.004788,3986.349594,4010.050723,4030.749614,4527.683995,4542.885414,4626.314504
Mortality,Tuvalu,,,,,,,,,,,,,,,,,,,,,
GDP,Uganda,1286.170601,1355.240187,1397.79821,1446.1509,1489.778254,1599.215629,1679.956182,1769.524418,1830.954668,1873.513794,1985.271354,1996.917354,2002.722675,2035.584242,2067.588814,2088.647514,2074.652436,2124.792203,2182.899761,2175.031098,2182.570446
Mortality,Uganda,550,537,520,512,491,473,465,455,442,430,419,412,401,394,387,381,375,,,,
GDP,Ukraine,8242.703125,8765.682617,9678.086914,10902.03809,11319.51074,12259.1582,13345.77148,13719.27148,11694.44824,12221.44043,12933.35645,12985.08691,13020.60059,12385.81348,11216.11816,11536.31641,11860.56055,12336.92676,12804.95508,12407.79004,12943.61426
Mortality,Ukraine,33,33,32,33,33,31,33,33,27,25,23,24,23,24,21,20,19,,,,
GDP,United Arab Emirates,98621.53639,95909.14536,97795.0272,97757.85515,90894.89881,86425.89722,76620.31507,68798.41826,58374.61534,54921.79725,56122.57668,57389.31879,59920.15231,62452.18451,65267.41513,66510.89367,67183.60531,66968.22118,68263.67553,63299.42297,
Mortality,United Arab Emirates,6,5,5,5,5,4,4,4,4,4,4,4,3,3,3,3,3,,,,
GDP,United Kingdom,39569.15051,40238.58579,41265.17497,41997.60621,42791.89675,43576.19779,44219.48767,43767.6958,41592.9279,42147.76556,42429.20983,42754.54043,43271.82746,44239.15106,45041.05718,45712.78343,46372.3866,46853.20111,47368.58441,42820.56542,45839.15343
Mortality,United Kingdom,11,11,11,11,11,11,11,11,10,10,9,8,8,8,8,7,7,,,,
GDP,United States,50148.95939,50528.4737,51496.84202,52988.11218,54330.71655,55306.76044,55884.67745,55426.2175,53514.00417,54509.52073,54953.51133,55796.00473,56431.34957,57300.60716,58419.69037,58964.96537,59914.7778,61339.83834,62458.75335,59755.15266,63069.22555
Mortality,United States,13,13,13,13,13,14,14,14,15,15,15,16,16,16,18,19,19,,,,
GDP,Uruguay,13901.99391,12824.87321,12937.42687,13593.73217,14606.46611,15188.64444,16151.36953,17266.53048,17948.42895,19293.7408,20231.57316,20885.10524,21786.21194,22419.04375,22425.83008,22724.02213,23009.87423,23035.08339,23032.73404,21548.1196,22415.40429
Mortality,Uruguay,25,25,23,23,22,20,20,19,19,17,17,17,18,17,18,18,17,,,,
GDP,Uzbekistan,3052.281504,3134.961174,3229.847924,3430.628559,3626.620824,3849.594381,4154.702578,4457.699221,4735.99522,4953.961368,5185.68462,5472.833507,5781.15657,6075.192224,6401.115168,6663.949614,6840.70986,7082.925493,7348.146883,7344.220326,7734.832414
Mortality,Uzbekistan,41,41,39,37,38,37,35,34,32,31,32,32,31,30,30,29,29,,,,
GDP,Vanuatu,2897.008124,2679.595647,2723.814358,2760.781424,2835.583422,3002.495226,3017.150841,3111.956101,3129.26581,3088.604593,3100.953012,3046.316662,2975.53742,2984.243485,2915.34717,2973.107324,3081.461777,3093.086718,3116.594618,2878.475335,2826.473493
Mortality,Vanuatu,135,128,123,119,113,108,103,99,96,92,88,85,82,80,76,74,72,,,,
GDP,"Venezuela, RB",,,,,,,,,,,,,,,,,,,,,
Mortality,"Venezuela, RB",123,135,127,119,113,114,114,116,119,117,116,116,115,113,115,121,125,,,,
GDP,Vietnam,3835.300251,4038.117678,4276.46814,4556.618333,4855.515706,5146.150581,5461.281148,5715.364109,5965.163211,6285.144918,6620.012513,6911.742697,7218.922984,7601.858491,8048.696327,8498.811285,8996.378103,9548.700016,10134.25903,10338.27054,10516.22281
Mortality,Vietnam,65,62,59,57,54,51,49,49,48,47,47,46,46,45,45,44,43,,,,
GDP,Virgin Islands (U.S.),,,,,,,,,,,,,,,,,,,,,
Mortality,Virgin Islands (U.S.),,,,,,,,,,,,,,,,,,,,,
GDP,West Bank and Gaza,3980.933319,3395.855001,3774.132413,4485.525458,4866.028474,4695.994727,4750.929692,4965.37295,5250.116075,5411.066482,5782.689593,5985.683247,6118.257181,5967.073437,6048.976597,6438.93364,6401.740891,6318.210068,6245.448697,5402.538773,5643.072243
Mortality,West Bank and Gaza,69,70,66,64,59,58,56,53,50,45,42,40,36,37,32,29,27,,,,
GDP,"Yemen, Rep.",,,,,,,,,,,,,,,,,,,,,
Mortality,"Yemen, Rep.",290,278,266,254,242,230,219,208,200,192,187,184,175,174,169,165,164,,,,
GDP,Zambia,2042.537498,2080.19569,2168.333196,2261.766733,2362.902226,2483.207962,2619.72137,2747.438504,2917.515557,3125.528849,3201.288029,3339.269902,3399.702294,3450.0376,3443.553254,3467.887448,3485.02178,3521.545978,3470.435511,3277.81651,3298.626768
Mortality,Zambia,491,465,453,437,421,406,387,356,329,305,283,267,254,242,232,222,213,,,,
GDP,Zimbabwe,2800.952116,2545.348182,2107.840306,1979.200783,1857.392042,1781.474597,1702.327537,1387.547157,1536.033715,1813.531764,2039.36798,2339.177047,2343.679343,2357.651166,2360.022385,2341.30492,2416.049969,2497.136618,2310.634802,2134.555461,2225.094972
Mortality,Zimbabwe,629,666,680,686,685,680,671,657,632,598,557,528,509,494,480,468,458,,,,
GDP,World,,,,,,,,,,,,,,,,,,,,,
Mortality,World,,,,,,,,,,,,,,,,,,,,,
